"Anno","IdL","Qta","IdRif"
1303-01-01,"9","50000","8"
1343-01-01,"9","600000","8"
1364-01-01,"9","1500000","8"
1400-01-01,"9","3000000","8"
1285-01-01,"9","7700","9"
1338-01-01,"9","450000","9"
1343-01-01,"9","570000","9"
1345-01-01,"9","505000","9"
1367-01-01,"9","1250000","9"
1378-01-01,"9","2361809","9"
1380-01-01,"9","1100000","9"
1402-01-01,"9","3000000","9"
1394-01-01,"9","3500000","9"
1411-01-01,"9","3100000","9"
1423-01-01,"9","4200000","9"
1350-01-01,"9","360000","10"
1355-01-01,"9","312000","10"
1358-01-01,"9","270000","10"
1318-01-01,"10","69000","9"
1324-01-01,"10","50850","9"
1338-01-01,"10","36000","9"
1349-01-01,"10","32000","9"
1270-01-01,"12","428000","9"
1338-01-01,"12","2000000","9"
1341-01-01,"12","800000","9"
1353-01-01,"12","1200000","9"
1380-01-01,"12","2240000","9"
1404-01-01,"12","3120000","9"
1255-01-01,"14","15000","7"
1279-01-01,"14","400000","7"
1291-01-01,"14","900000","7"
1299-01-01,"14","1500000","7"
1313-01-01,"14","2800000","7"
1334-01-01,"14","1800000","7"
1343-01-01,"14","1100000","7"
1353-01-01,"14","3100000","7"
1363-01-01,"14","3700000","7"
1373-01-01,"14","6000000","7"
1379-01-01,"14","8500000","7"
1381-01-01,"14","12300000","7"
1386-01-01,"14","12800000","7"
1390-01-01,"14","11000000","7"
1393-01-01,"14","12500000","7"
1395-01-01,"14","10000000","7"
1402-01-01,"14","9500000","7"
1404-01-01,"14","14000000","7"
1413-01-01,"14","23000000","7"
1423-01-01,"14","15600000","7"
1438-01-01,"14","16500000","7"
1482-01-01,"14","21500000","7"
1521-01-01,"14","21500000","7"
1324-01-01,"18","50000","9"
1341-01-01,"82","10000","9"
1372-01-01,"82","60000","9"
1378-01-01,"82","90000","9"
1411-01-01,"82","90000","9"
