"IdL","Luogo"
"1","Asti"
"2","Brescia"
"3","Bergamo"
"4","Cremona"
"5","Pavia"
"6","Milano"
"7","Parma"
"8","Piacenza"
"9","Firenze"
"10","Siena"
"11","Lombardia"
"12","Genova"
"13","Trentino"
"14","Venezia"
"15","Treviso"
"16","Ferrara"
"17","Bologna"
"18","Pisa"
"19","Liguria"
"20","Veneto"
"21","Toscana"
"22","Lazio"
"23","Sicilia"
"24","Piemonte"
"25","Napoli"
"26","Roma"
"27","Francia"
"28","Inghilterra"
"29","Ungheria"
"30","Germania"
"32","Ravenna"
"33","Perugia"
"34","Cortona"
"35","Zara"
"36","Verona"
"37","Padova"
"38","Udine"
"39","Tornese"
"40","Vienne"
"41","Barcelona"
"42","Parigi-ECU-Tornese"
"43","Sardegna"
"44","Losanna"
"45","Parigi"
"46","Avignone"
"47","Provenza"
"48","Brabante"
"49","Augsburg"
"50","Heller"
"51","Munich"
"52","Vienna"
"53","Regensburg"
"54","Hainault"
"55","Mantova"
"56","Friburgo"
"57","Valencia"
"58","Aragona"
"59","Portogallo"
"60","Navarra"
"61","Fiandre"
"62","Colonia"
"63","Aachen"
"64","Bohemia"
"65","Sicilia Oncia-Genova"
"66","VeneziaGrosso"
"67","Hamburg"
"68","Lubeck"
"69","LubeckGulden"
"70","Zurich"
"71","Basle"
"72","Trier"
"73","Aachen-Rheingulden"
"74","Colonia-Rheinguld"
"75","Venezia-Hyperpero"
"76","Verona-Hyperpero"
"77","Genova-Hyperpero"
"78","Genova-Besante"
"79","Provenza-BesanteMiliarense"
"80","Genova-BesanteMiliarense"
"81","Strasburgo"
"82","Lucca"
"83","BolognaDucato"
"84","BolognaBolognino"
