"IdRif","Autore","Opera","Anno"
"1","Carlo Maria Cipolla","Studi di storia della moneta. I. I movimenti dei cambi in Italia dal secolo XIII al XV","1948"
"2","Cagnin","Storia di Treviso",
"3","Peter Spufford","Handbook of Medieval Exchange","1986"
"4","Frederic C. Lane, Reinhold C. Mueller","Money and Bancking in Medieval and Renaissance Venice","1985"
"5","La Ronciere","Prezzi e salari a Firenze",
"6","La Ronciere","Lippo di Fede del Sega",
"7","Gino Luzzatto","Il debito pubblico della Repubblica di Venezia",
"8","Carlo Maria Cipolla","Il fiorino e il quattrino",
"9","Maria Ginatempo","Prima del Debito",
"10","Roberto Barducci","Politica e speculazione finanziaria a Firenze","1979"
