"IdUm","UM","Rapporto"
"1","Astisoldo","12"
"2","Astidenaro","1"
"3","Astigrosso","88"
"4","Astiquarto","22"
"5","ISoldo Imperiale","12"
"6","IDenaro Imperiale","1"
"7","GenovaSoldo","12"
"8","GenovaDenaro","1"
"9","Kreuzern","20"
"10","Perner","1"
"11","VeneziaSoldo","12"
"12","VeneziaDenaro","1"
"13","TvSoldo","12"
"14","TvDenaro","1"
"15","FeSoldo","12"
"16","FeDenaro","1"
"17","BoSoldo","12"
"18","BoDenaro","1"
"19","PiSoldo","12"
"20","PiDenaro","1"
"21","FirenzeSoldo","12"
"22","FirenzeDenaro","1"
"23","SienaSoldo","12"
"24","SienaDenaro","1"
"25","NaCarlino","60"
"26","SicilianoCarlino","60"
"27","ProvisinoSoldo","12"
"28","ProvisinoDenaro","1"
"29","TorneseSoldo","12"
"30","TorneseDenaro","1"
"31","NaDenaro","1"
"32","RavennaSoldo","12"
"33","RavennaDenaro","1"
"34","PerugiaSoldo","12"
"35","PerugiaDenaro","1"
"36","CortonaSoldo","12"
"37","CortonaDenaro","1"
"38","ZaraSoldo","12"
"39","ZaraDenaro","1"
"40","VeronaSoldo","12"
"41","VeronaDenaro","1"
"42","PadovaSoldo","12"
"43","PadovaDenaro","1"
"44","UdineSoldo","12"
"45","UdineDenaro","1"
"46","IngleseSoldo","120"
"47","IngleseDenaro","10"
"48","VienneSoldo","12"
"49","VienneDenaro","1"
"50","BarcelonaSoldo","12"
"51","BarcelonaDenaro","1"
"52","AlfonsinoSoldo","12"
"53","AlfonsinoDenaro","1"
"54","LosannaSoldo","12"
"55","LosannaDenaro","1"
"56","ParigiSoldo","12"
"57","ParigiDenaro","1"
"58","AvignoneSoldo","12"
"59","AvignoneDenaro","1"
"60","CoronatiSoldo","12"
"61","CoronatiDenaro","1"
"62","BramanteSoldo","12"
"63","BramanteDenaro","1"
"64","AugsburgSoldo","12"
"65","AugsburgDenaro","1"
"66","HellerSoldo","12"
"67","HellerDenaro","1"
"68","MunichSoldo","12"
"69","MunichDenaro","1"
"70","ViennaSoldo","12"
"71","ViennaDenaro","1"
"72","RegensburgSoldo","12"
"73","RegensburgDenaro","1"
"74","HainaultSoldo","12"
"75","HainaultDenaro","1"
"76","BohemiaGrosso","7"
"77","BohemiaDenaro","0.5"
"78","PortogalloSoldo","12"
"79","PortogalloDenaro","1"
"80","NavarraSoldo","12"
"81","NavarraDenaro","1"
"82","AragonaSoldo","12"
"83","AragonaDenaro","1"
"84","ValenciaSoldo","12"
"85","ValenciaDenaro","1"
"86","FiandraGrosso","24"
"87","FiandraMiten","1"
"88","FriburgoSoldo","12"
"89","FriburgoDenaro","1"
"90","MantovaSoldo","12"
"91","MantovaDenaro","1"
"92","ColoniaSoldo","12"
"93","ColoniaDenaro","1"
"94","AachenSoldo","12"
"95","AachenDenaro","1"
"96","HamburgSoldo","12"
"97","HamburgDenaro","1"
"98","LubeckSoldo","12"
"99","LubeckDenaro","1"
"100","ZurichSoldo","12"
"101","ZurichDenaro","1"
"102","BasleSoldo","12"
"103","BasleDenaro","1"
"104","TrierSoldo","12"
"105","TrierDenaro","1"
"106","StrasburgoSoldo","12"
"107","StrasburgoDenaro","1"
